{"base_lr": 0.0003382352941176471, "lr": 3.38235294117647e-05, "data_time": 1.827133798599243, "loss": 0.29353771209716795, "top1_acc": 1.0, "top5_acc": 1.0, "loss_cls": 0.29353771209716795, "time": 2.857916831970215, "epoch": 1, "iter": 10, "memory": 2158, "step": 10}
{"base_lr": 0.00044411764705882357, "lr": 4.441176470588234e-05, "data_time": 1.3063083035605294, "loss": 0.3310826505933489, "top1_acc": 1.0, "top5_acc": 1.0, "loss_cls": 0.3310826505933489, "time": 2.29298426423754, "epoch": 1, "iter": 14, "memory": 2158, "step": 14}
{"acc/top1": 1.0, "acc/top5": 1.0, "acc/mean1": 1.0, "data_time": 1.4105281233787537, "time": 1.7458465695381165, "step": 1}
{"base_lr": 0.0007068820246819909, "lr": 7.068820246819908e-05, "data_time": 0.005156755447387695, "loss": 0.24084683656692504, "top1_acc": 1.0, "top5_acc": 1.0, "loss_cls": 0.24084683656692504, "time": 0.9710625171661377, "epoch": 2, "iter": 24, "memory": 2158, "step": 24}
{"base_lr": 0.0008124743603191348, "lr": 8.124743603191347e-05, "data_time": 0.005568671226501465, "loss": 0.24555455446243285, "top1_acc": 1.0, "top5_acc": 1.0, "loss_cls": 0.24555455446243285, "time": 0.9490514039993286, "epoch": 2, "iter": 28, "memory": 2158, "step": 28}
{"acc/top1": 1.0, "acc/top5": 1.0, "acc/mean1": 1.0, "data_time": 0.007424211502075196, "time": 0.33393330574035646, "step": 2}
{"base_lr": 0.0009890738003669026, "lr": 9.890738003669026e-05, "data_time": 0.005352687835693359, "loss": 0.3093916416168213, "top1_acc": 1.0, "top5_acc": 1.0, "loss_cls": 0.3093916416168213, "time": 0.9715036869049072, "epoch": 3, "iter": 38, "memory": 2158, "step": 38}
{"base_lr": 0.0009890738003669026, "lr": 9.890738003669026e-05, "data_time": 0.005395448207855225, "loss": 0.18947925567626953, "top1_acc": 1.0, "top5_acc": 1.0, "loss_cls": 0.18947925567626953, "time": 0.9510028243064881, "epoch": 3, "iter": 42, "memory": 2158, "step": 42}
{"acc/top1": 1.0, "acc/top5": 1.0, "acc/mean1": 1.0, "data_time": 0.00670781135559082, "time": 0.30015926361083983, "step": 3}
{"base_lr": 0.0009755282581475766, "lr": 9.755282581475766e-05, "data_time": 0.005049467086791992, "loss": 0.1549702286720276, "top1_acc": 1.0, "top5_acc": 1.0, "loss_cls": 0.1549702286720276, "time": 0.9738597989082336, "epoch": 4, "iter": 52, "memory": 2158, "step": 52}
{"base_lr": 0.0009755282581475766, "lr": 9.755282581475766e-05, "data_time": 0.0051070451736450195, "loss": 0.14193229675292968, "top1_acc": 1.0, "top5_acc": 1.0, "loss_cls": 0.14193229675292968, "time": 0.9526056289672852, "epoch": 4, "iter": 56, "memory": 2158, "step": 56}
{"acc/top1": 1.0, "acc/top5": 1.0, "acc/mean1": 1.0, "data_time": 0.007128190994262695, "time": 0.30160088539123536, "step": 4}
{"base_lr": 0.0009567727288213001, "lr": 9.567727288213e-05, "data_time": 0.004943525791168213, "loss": 0.1770322799682617, "top1_acc": 1.0, "top5_acc": 1.0, "loss_cls": 0.1770322799682617, "time": 0.9754514098167419, "epoch": 5, "iter": 66, "memory": 2158, "step": 66}
{"base_lr": 0.0009567727288213001, "lr": 9.567727288213e-05, "data_time": 0.005092906951904297, "loss": 0.1836521863937378, "top1_acc": 1.0, "top5_acc": 1.0, "loss_cls": 0.1836521863937378, "time": 0.9521733164787293, "epoch": 5, "iter": 70, "memory": 2158, "step": 70}
{"acc/top1": 1.0, "acc/top5": 1.0, "acc/mean1": 1.0, "data_time": 0.006367731094360352, "time": 0.31718969345092773, "step": 5}
{"base_lr": 0.0009330127018922192, "lr": 9.330127018922191e-05, "data_time": 0.0050342798233032225, "loss": 0.19256584644317626, "top1_acc": 1.0, "top5_acc": 1.0, "loss_cls": 0.19256584644317626, "time": 0.974271810054779, "epoch": 6, "iter": 80, "memory": 2158, "step": 80}
{"base_lr": 0.0009330127018922192, "lr": 9.330127018922191e-05, "data_time": 0.005201685428619385, "loss": 0.14654967784881592, "top1_acc": 1.0, "top5_acc": 1.0, "loss_cls": 0.14654967784881592, "time": 0.9512852549552917, "epoch": 6, "iter": 84, "memory": 2158, "step": 84}
{"acc/top1": 1.0, "acc/top5": 1.0, "acc/mean1": 1.0, "data_time": 0.006592082977294922, "time": 0.30110874176025393, "step": 6}
{"base_lr": 0.0009045084971874736, "lr": 9.045084971874735e-05, "data_time": 0.004684245586395264, "loss": 0.13736220598220825, "top1_acc": 1.0, "top5_acc": 1.0, "loss_cls": 0.13736220598220825, "time": 0.9739590167999268, "epoch": 7, "iter": 94, "memory": 2158, "step": 94}
{"base_lr": 0.0009045084971874736, "lr": 9.045084971874735e-05, "data_time": 0.004749393463134766, "loss": 0.1394863724708557, "top1_acc": 1.0, "top5_acc": 1.0, "loss_cls": 0.1394863724708557, "time": 0.9523664236068725, "epoch": 7, "iter": 98, "memory": 2158, "step": 98}
{"acc/top1": 1.0, "acc/top5": 1.0, "acc/mean1": 1.0, "data_time": 0.006648492813110351, "time": 0.30127391815185545, "step": 7}
{"base_lr": 0.000871572412738697, "lr": 8.715724127386969e-05, "data_time": 0.004902958869934082, "loss": 0.17559356689453126, "top1_acc": 1.0, "top5_acc": 1.0, "loss_cls": 0.17559356689453126, "time": 0.9746735095977783, "epoch": 8, "iter": 108, "memory": 2158, "step": 108}
{"base_lr": 0.000871572412738697, "lr": 8.715724127386969e-05, "data_time": 0.0050096273422241214, "loss": 0.11506484746932984, "top1_acc": 1.0, "top5_acc": 1.0, "loss_cls": 0.11506484746932984, "time": 0.9524217009544372, "epoch": 8, "iter": 112, "memory": 2158, "step": 112}
{"acc/top1": 1.0, "acc/top5": 1.0, "acc/mean1": 1.0, "data_time": 0.007828855514526367, "time": 0.32269792556762694, "step": 8}
{"base_lr": 0.0008345653031794289, "lr": 8.345653031794289e-05, "data_time": 0.005070722103118897, "loss": 0.17131199836730956, "top1_acc": 0.75, "top5_acc": 1.0, "loss_cls": 0.17131199836730956, "time": 0.9751568675041199, "epoch": 9, "iter": 122, "memory": 2158, "step": 122}
{"base_lr": 0.0008345653031794289, "lr": 8.345653031794289e-05, "data_time": 0.005226755142211914, "loss": 0.17188658714294433, "top1_acc": 1.0, "top5_acc": 1.0, "loss_cls": 0.17188658714294433, "time": 0.9542950034141541, "epoch": 9, "iter": 126, "memory": 2158, "step": 126}
{"acc/top1": 1.0, "acc/top5": 1.0, "acc/mean1": 1.0, "data_time": 0.008143854141235352, "time": 0.30254173278808594, "step": 9}
{"base_lr": 0.0007938926261462363, "lr": 7.938926261462363e-05, "data_time": 0.005094993114471436, "loss": 0.1810474991798401, "top1_acc": 1.0, "top5_acc": 1.0, "loss_cls": 0.1810474991798401, "time": 0.9766640782356262, "epoch": 10, "iter": 136, "memory": 2158, "step": 136}
{"base_lr": 0.0007938926261462363, "lr": 7.938926261462363e-05, "data_time": 0.0051703333854675295, "loss": 0.18870140314102174, "top1_acc": 1.0, "top5_acc": 1.0, "loss_cls": 0.18870140314102174, "time": 0.9532549500465393, "epoch": 10, "iter": 140, "memory": 2158, "step": 140}
{"acc/top1": 1.0, "acc/top5": 1.0, "acc/mean1": 1.0, "data_time": 0.007218694686889649, "time": 0.30177998542785645, "step": 10}
