{"base_lr": 0.00018901098901098903, "lr": 1.8901098901098903e-05, "data_time": 1.842471432685852, "loss": 0.9266571044921875, "top1_acc": 0.5, "top5_acc": 1.0, "loss_cls": 0.9266571044921875, "time": 2.855893540382385, "epoch": 1, "iter": 10, "memory": 2158, "step": 10}
{"base_lr": 0.00028791208791208796, "lr": 2.8791208791208795e-05, "data_time": 0.9232392907142639, "loss": 0.8500228881835937, "top1_acc": 0.5, "top5_acc": 1.0, "loss_cls": 0.8500228881835937, "time": 1.9150900483131408, "epoch": 1, "iter": 20, "memory": 2158, "step": 20}
{"base_lr": 0.00038681318681318684, "lr": 3.868131868131869e-05, "data_time": 0.004083597660064697, "loss": 0.7560791015625, "top1_acc": 0.25, "top5_acc": 1.0, "loss_cls": 0.7560791015625, "time": 0.9701236248016357, "epoch": 1, "iter": 30, "memory": 2158, "step": 30}
{"base_lr": 0.0004560439560439561, "lr": 4.560439560439562e-05, "data_time": 0.004121243953704834, "loss": 0.7195419311523438, "top1_acc": 0.5, "top5_acc": 1.0, "loss_cls": 0.7195419311523438, "time": 0.9658037662506104, "epoch": 1, "iter": 37, "memory": 2158, "step": 37}
{"acc/top1": 0.5526315789473685, "acc/top5": 1.0, "acc/mean1": 0.5, "data_time": 0.555076003074646, "time": 0.918448805809021, "step": 1}
