{"base_lr": 0.00018617021276595743, "lr": 1.8617021276595748e-05, "data_time": 1.8544307231903077, "loss": 0.81727294921875, "top1_acc": 0.25, "top5_acc": 1.0, "loss_cls": 0.81727294921875, "time": 2.877279853820801, "epoch": 1, "iter": 10, "memory": 2158, "step": 10}
{"base_lr": 0.0002819148936170213, "lr": 2.819148936170215e-05, "data_time": 0.9291764020919799, "loss": 0.7056976318359375, "top1_acc": 0.75, "top5_acc": 1.0, "loss_cls": 0.7056976318359375, "time": 1.93163503408432, "epoch": 1, "iter": 20, "memory": 2158, "step": 20}
{"base_lr": 0.000377659574468085, "lr": 3.776595744680854e-05, "data_time": 0.0039372086524963375, "loss": 0.7117874145507812, "top1_acc": 0.75, "top5_acc": 1.0, "loss_cls": 0.7117874145507812, "time": 0.9858945846557617, "epoch": 1, "iter": 30, "memory": 2158, "step": 30}
