{"base_lr": 0.00018901098901098903, "lr": 1.8901098901098903e-05, "data_time": 1.7798509836196899, "loss": 0.6977325439453125, "top1_acc": 0.5, "top5_acc": 1.0, "loss_cls": 0.6977325439453125, "time": 2.784016513824463, "epoch": 1, "iter": 10, "memory": 2158, "step": 10}
{"base_lr": 0.00028791208791208796, "lr": 2.8791208791208795e-05, "data_time": 0.8918620347976685, "loss": 0.765399169921875, "top1_acc": 0.25, "top5_acc": 1.0, "loss_cls": 0.765399169921875, "time": 1.8749500870704652, "epoch": 1, "iter": 20, "memory": 2158, "step": 20}
{"base_lr": 0.00038681318681318684, "lr": 3.868131868131869e-05, "data_time": 0.003869879245758057, "loss": 0.7642669677734375, "top1_acc": 0.5, "top5_acc": 1.0, "loss_cls": 0.7642669677734375, "time": 0.9648070216178894, "epoch": 1, "iter": 30, "memory": 2158, "step": 30}
{"base_lr": 0.0004560439560439561, "lr": 4.560439560439562e-05, "data_time": 0.003925728797912598, "loss": 0.7035614013671875, "top1_acc": 0.5, "top5_acc": 1.0, "loss_cls": 0.7035614013671875, "time": 0.964258348941803, "epoch": 1, "iter": 37, "memory": 2158, "step": 37}
{"acc/top1": 0.5526315789473685, "acc/top5": 1.0, "acc/mean1": 0.5, "data_time": 0.5550471782684326, "time": 0.9144676923751831, "step": 1}
{"base_lr": 0.0005534250314071308, "lr": 5.5342503140713086e-05, "data_time": 0.005422115325927734, "loss": 0.7131515502929687, "top1_acc": 0.25, "top5_acc": 1.0, "loss_cls": 0.7131515502929687, "time": 0.96913822889328, "epoch": 2, "iter": 47, "memory": 2158, "step": 47}
{"base_lr": 0.0006520552350242432, "lr": 6.520552350242434e-05, "data_time": 0.005513191223144531, "loss": 0.7569091796875, "top1_acc": 0.5, "top5_acc": 1.0, "loss_cls": 0.7569091796875, "time": 0.9697005033493042, "epoch": 2, "iter": 57, "memory": 2158, "step": 57}
{"base_lr": 0.0007506854386413556, "lr": 7.50685438641356e-05, "data_time": 0.003915071487426758, "loss": 0.8234893798828125, "top1_acc": 0.5, "top5_acc": 1.0, "loss_cls": 0.8234893798828125, "time": 0.9653469085693359, "epoch": 2, "iter": 67, "memory": 2158, "step": 67}
{"base_lr": 0.0008197265811733342, "lr": 8.197265811733345e-05, "data_time": 0.0038146257400512697, "loss": 0.7659317016601562, "top1_acc": 1.0, "top5_acc": 1.0, "loss_cls": 0.7659317016601562, "time": 0.9626522660255432, "epoch": 2, "iter": 74, "memory": 2158, "step": 74}
{"acc/top1": 0.5526315789473685, "acc/top5": 1.0, "acc/mean1": 0.5, "data_time": 0.004772229628129439, "time": 0.34147100015120074, "step": 2}
{"base_lr": 0.0009108174117664447, "lr": 9.108174117664449e-05, "data_time": 0.005144953727722168, "loss": 0.9685005187988281, "top1_acc": 0.5, "top5_acc": 1.0, "loss_cls": 0.9685005187988281, "time": 0.9726665019989014, "epoch": 3, "iter": 84, "memory": 2158, "step": 84}
{"base_lr": 0.0009890738003669032, "lr": 9.89073800366903e-05, "data_time": 0.005199158191680908, "loss": 1.0355613708496094, "top1_acc": 0.5, "top5_acc": 1.0, "loss_cls": 1.0355613708496094, "time": 0.9758417844772339, "epoch": 3, "iter": 94, "memory": 2158, "step": 94}
{"base_lr": 0.0009890738003669032, "lr": 9.89073800366903e-05, "data_time": 0.0038216352462768556, "loss": 0.8483840942382812, "top1_acc": 0.75, "top5_acc": 1.0, "loss_cls": 0.8483840942382812, "time": 0.9725883722305297, "epoch": 3, "iter": 104, "memory": 2158, "step": 104}
{"base_lr": 0.0009890738003669032, "lr": 9.89073800366903e-05, "data_time": 0.0035326123237609864, "loss": 0.8776344299316406, "top1_acc": 0.5, "top5_acc": 1.0, "loss_cls": 0.8776344299316406, "time": 0.9751200079917908, "epoch": 3, "iter": 111, "memory": 2158, "step": 111}
{"acc/top1": 0.5526315789473685, "acc/top5": 1.0, "acc/mean1": 0.5, "data_time": 0.0045511722564697266, "time": 0.35196083242242987, "step": 3}
{"base_lr": 0.0009755282581475772, "lr": 9.75528258147577e-05, "data_time": 0.00441814661026001, "loss": 0.7587394714355469, "top1_acc": 0.5, "top5_acc": 1.0, "loss_cls": 0.7587394714355469, "time": 0.9767633676528931, "epoch": 4, "iter": 121, "memory": 2158, "step": 121}
{"base_lr": 0.0009755282581475772, "lr": 9.75528258147577e-05, "data_time": 0.004526221752166748, "loss": 0.7331039428710937, "top1_acc": 1.0, "top5_acc": 1.0, "loss_cls": 0.7331039428710937, "time": 0.9678748726844788, "epoch": 4, "iter": 131, "memory": 2158, "step": 131}
{"base_lr": 0.0009755282581475772, "lr": 9.75528258147577e-05, "data_time": 0.003353011608123779, "loss": 0.7963287353515625, "top1_acc": 0.25, "top5_acc": 1.0, "loss_cls": 0.7963287353515625, "time": 0.9663131475448609, "epoch": 4, "iter": 141, "memory": 2158, "step": 141}
{"base_lr": 0.0009755282581475772, "lr": 9.75528258147577e-05, "data_time": 0.0034041643142700196, "loss": 0.7131500244140625, "top1_acc": 0.5, "top5_acc": 1.0, "loss_cls": 0.7131500244140625, "time": 0.9718486070632935, "epoch": 4, "iter": 148, "memory": 2158, "step": 148}
{"acc/top1": 0.5526315789473685, "acc/top5": 1.0, "acc/mean1": 0.5, "data_time": 0.004459294405850497, "time": 0.3320865847847678, "step": 4}
{"base_lr": 0.0009567727288213008, "lr": 9.567727288213005e-05, "data_time": 0.004665076732635498, "loss": 0.7488407135009766, "top1_acc": 0.75, "top5_acc": 1.0, "loss_cls": 0.7488407135009766, "time": 0.9762945890426635, "epoch": 5, "iter": 158, "memory": 2158, "step": 158}
{"base_lr": 0.0009567727288213008, "lr": 9.567727288213005e-05, "data_time": 0.004555404186248779, "loss": 0.7825244903564453, "top1_acc": 0.75, "top5_acc": 1.0, "loss_cls": 0.7825244903564453, "time": 0.9710994601249695, "epoch": 5, "iter": 168, "memory": 2158, "step": 168}
{"base_lr": 0.0009567727288213008, "lr": 9.567727288213005e-05, "data_time": 0.0033266305923461913, "loss": 0.7761199951171875, "top1_acc": 0.25, "top5_acc": 1.0, "loss_cls": 0.7761199951171875, "time": 0.9721308708190918, "epoch": 5, "iter": 178, "memory": 2158, "step": 178}
{"base_lr": 0.0009567727288213008, "lr": 9.567727288213005e-05, "data_time": 0.00345226526260376, "loss": 0.8250762939453125, "top1_acc": 0.25, "top5_acc": 1.0, "loss_cls": 0.8250762939453125, "time": 0.9728989481925965, "epoch": 5, "iter": 185, "memory": 2158, "step": 185}
{"acc/top1": 0.5526315789473685, "acc/top5": 1.0, "acc/mean1": 0.5, "data_time": 0.004665049639615146, "time": 0.34415099837563257, "step": 5}
