{"base_lr": 0.00018901098901098903, "lr": 1.8901098901098903e-05, "data_time": 1.6717885732650757, "loss": 0.7035888671875, "top1_acc": 0.5, "top5_acc": 1.0, "loss_cls": 0.7035888671875, "time": 2.667768931388855, "epoch": 1, "iter": 10, "memory": 2158, "step": 10}
{"base_lr": 0.00028791208791208796, "lr": 2.8791208791208795e-05, "data_time": 0.8379260301589966, "loss": 0.6876190185546875, "top1_acc": 1.0, "top5_acc": 1.0, "loss_cls": 0.6876190185546875, "time": 1.8154120683670043, "epoch": 1, "iter": 20, "memory": 2158, "step": 20}
{"base_lr": 0.00038681318681318684, "lr": 3.868131868131869e-05, "data_time": 0.00403975248336792, "loss": 0.6837371826171875, "top1_acc": 0.25, "top5_acc": 1.0, "loss_cls": 0.6837371826171875, "time": 0.9634403944015503, "epoch": 1, "iter": 30, "memory": 2158, "step": 30}
{"base_lr": 0.0004560439560439561, "lr": 4.560439560439562e-05, "data_time": 0.004017102718353272, "loss": 0.66142578125, "top1_acc": 0.75, "top5_acc": 1.0, "loss_cls": 0.66142578125, "time": 0.9632663369178772, "epoch": 1, "iter": 37, "memory": 2158, "step": 37}
{"acc/top1": 0.5526315789473685, "acc/top5": 1.0, "acc/mean1": 0.5, "data_time": 0.523599100112915, "time": 0.8872451066970826, "step": 1}
{"base_lr": 0.0005534250314071308, "lr": 5.5342503140713086e-05, "data_time": 0.0055890679359436035, "loss": 0.648553466796875, "top1_acc": 1.0, "top5_acc": 1.0, "loss_cls": 0.648553466796875, "time": 0.9643152475357055, "epoch": 2, "iter": 47, "memory": 2158, "step": 47}
{"base_lr": 0.0006520552350242432, "lr": 6.520552350242434e-05, "data_time": 0.005597817897796631, "loss": 0.638037109375, "top1_acc": 0.5, "top5_acc": 1.0, "loss_cls": 0.638037109375, "time": 0.9644537448883057, "epoch": 2, "iter": 57, "memory": 2158, "step": 57}
{"base_lr": 0.0007506854386413556, "lr": 7.50685438641356e-05, "data_time": 0.0040302276611328125, "loss": 0.6763641357421875, "top1_acc": 1.0, "top5_acc": 1.0, "loss_cls": 0.6763641357421875, "time": 0.9643660426139832, "epoch": 2, "iter": 67, "memory": 2158, "step": 67}
{"base_lr": 0.0008197265811733342, "lr": 8.197265811733345e-05, "data_time": 0.0040027379989624025, "loss": 0.699676513671875, "top1_acc": 1.0, "top5_acc": 1.0, "loss_cls": 0.699676513671875, "time": 0.9740747213363647, "epoch": 2, "iter": 74, "memory": 2158, "step": 74}
{"acc/top1": 0.5789473684210527, "acc/top5": 1.0, "acc/mean1": 0.5350140056022409, "data_time": 0.00400853157043457, "time": 0.3410100720145486, "step": 2}
{"base_lr": 0.0009108174117664447, "lr": 9.108174117664449e-05, "data_time": 0.005884122848510742, "loss": 0.6624420166015625, "top1_acc": 0.5, "top5_acc": 1.0, "loss_cls": 0.6624420166015625, "time": 0.9739723920822143, "epoch": 3, "iter": 84, "memory": 2158, "step": 84}
{"base_lr": 0.0009890738003669032, "lr": 9.89073800366903e-05, "data_time": 0.0057304978370666506, "loss": 0.6959526062011718, "top1_acc": 0.25, "top5_acc": 1.0, "loss_cls": 0.6959526062011718, "time": 0.9606622099876404, "epoch": 3, "iter": 94, "memory": 2158, "step": 94}
{"base_lr": 0.0009890738003669032, "lr": 9.89073800366903e-05, "data_time": 0.0037033677101135252, "loss": 0.7246055603027344, "top1_acc": 0.25, "top5_acc": 1.0, "loss_cls": 0.7246055603027344, "time": 0.9595349550247192, "epoch": 3, "iter": 104, "memory": 2158, "step": 104}
{"base_lr": 0.0009890738003669032, "lr": 9.89073800366903e-05, "data_time": 0.003533077239990234, "loss": 0.741754150390625, "top1_acc": 0.5, "top5_acc": 1.0, "loss_cls": 0.741754150390625, "time": 0.956132709980011, "epoch": 3, "iter": 111, "memory": 2158, "step": 111}
{"acc/top1": 0.5526315789473685, "acc/top5": 1.0, "acc/mean1": 0.5, "data_time": 0.004616325551813299, "time": 0.3372623703696511, "step": 3}
{"base_lr": 0.0009755282581475772, "lr": 9.75528258147577e-05, "data_time": 0.004948675632476807, "loss": 0.669012451171875, "top1_acc": 0.75, "top5_acc": 1.0, "loss_cls": 0.669012451171875, "time": 0.9608229279518128, "epoch": 4, "iter": 121, "memory": 2158, "step": 121}
{"base_lr": 0.0009755282581475772, "lr": 9.75528258147577e-05, "data_time": 0.0049378395080566405, "loss": 0.6602935791015625, "top1_acc": 0.75, "top5_acc": 1.0, "loss_cls": 0.6602935791015625, "time": 0.9636238813400269, "epoch": 4, "iter": 131, "memory": 2158, "step": 131}
{"base_lr": 0.0009755282581475772, "lr": 9.75528258147577e-05, "data_time": 0.00350722074508667, "loss": 0.6615936279296875, "top1_acc": 0.75, "top5_acc": 1.0, "loss_cls": 0.6615936279296875, "time": 0.9579583048820496, "epoch": 4, "iter": 141, "memory": 2158, "step": 141}
{"base_lr": 0.0009755282581475772, "lr": 9.75528258147577e-05, "data_time": 0.003496825695037842, "loss": 0.7078125, "top1_acc": 0.25, "top5_acc": 1.0, "loss_cls": 0.7078125, "time": 0.9628666162490844, "epoch": 4, "iter": 148, "memory": 2158, "step": 148}
