{"base_lr": 0.00018901098901098903, "lr": 1.8901098901098903e-05, "data_time": 1.8088443994522094, "loss": 0.79793701171875, "top1_acc": 0.0, "top5_acc": 1.0, "loss_cls": 0.79793701171875, "time": 2.819518518447876, "epoch": 1, "iter": 10, "memory": 2159, "step": 10}
{"base_lr": 0.00028791208791208796, "lr": 2.8791208791208795e-05, "data_time": 0.9064113616943359, "loss": 0.7803337097167968, "top1_acc": 0.25, "top5_acc": 1.0, "loss_cls": 0.7803337097167968, "time": 1.893091070652008, "epoch": 1, "iter": 20, "memory": 2159, "step": 20}
{"base_lr": 0.00038681318681318684, "lr": 3.868131868131869e-05, "data_time": 0.003973770141601563, "loss": 0.72672119140625, "top1_acc": 0.5, "top5_acc": 1.0, "loss_cls": 0.72672119140625, "time": 0.9655504941940307, "epoch": 1, "iter": 30, "memory": 2159, "step": 30}
{"base_lr": 0.0004560439560439561, "lr": 4.560439560439562e-05, "data_time": 0.003954458236694336, "loss": 0.7837051391601563, "top1_acc": 0.25, "top5_acc": 1.0, "loss_cls": 0.7837051391601563, "time": 0.9648178458213806, "epoch": 1, "iter": 37, "memory": 2159, "step": 37}
{"acc/top1": 0.47368421052631576, "acc/top5": 1.0, "acc/mean1": 0.5238095238095238, "data_time": 0.5618486404418945, "time": 0.9282504320144653, "step": 1}
{"base_lr": 0.0005534250314071308, "lr": 5.5342503140713086e-05, "data_time": 0.005467820167541504, "loss": 0.787548828125, "top1_acc": 0.5, "top5_acc": 1.0, "loss_cls": 0.787548828125, "time": 0.9652541399002075, "epoch": 2, "iter": 47, "memory": 2159, "step": 47}
{"base_lr": 0.0006520552350242432, "lr": 6.520552350242434e-05, "data_time": 0.005338120460510254, "loss": 0.776873779296875, "top1_acc": 0.25, "top5_acc": 1.0, "loss_cls": 0.776873779296875, "time": 0.9665805339813233, "epoch": 2, "iter": 57, "memory": 2159, "step": 57}
{"base_lr": 0.0007506854386413556, "lr": 7.50685438641356e-05, "data_time": 0.00421375036239624, "loss": 0.8331802368164063, "top1_acc": 0.5, "top5_acc": 1.0, "loss_cls": 0.8331802368164063, "time": 0.96863853931427, "epoch": 2, "iter": 67, "memory": 2159, "step": 67}
{"base_lr": 0.0008197265811733342, "lr": 8.197265811733345e-05, "data_time": 0.004245853424072266, "loss": 0.8586479187011719, "top1_acc": 0.75, "top5_acc": 1.0, "loss_cls": 0.8586479187011719, "time": 0.970484983921051, "epoch": 2, "iter": 74, "memory": 2159, "step": 74}
{"acc/top1": 0.5526315789473685, "acc/top5": 1.0, "acc/mean1": 0.5, "data_time": 0.004862460223111239, "time": 0.3415565924210982, "step": 2}
{"base_lr": 0.0009108174117664447, "lr": 9.108174117664449e-05, "data_time": 0.005604279041290283, "loss": 0.8380912780761719, "top1_acc": 0.25, "top5_acc": 1.0, "loss_cls": 0.8380912780761719, "time": 0.9706763505935669, "epoch": 3, "iter": 84, "memory": 2159, "step": 84}
{"base_lr": 0.0009890738003669032, "lr": 9.89073800366903e-05, "data_time": 0.005846333503723144, "loss": 0.8035743713378907, "top1_acc": 0.0, "top5_acc": 1.0, "loss_cls": 0.8035743713378907, "time": 0.9680838108062744, "epoch": 3, "iter": 94, "memory": 2159, "step": 94}
{"base_lr": 0.0009890738003669032, "lr": 9.89073800366903e-05, "data_time": 0.004147386550903321, "loss": 0.747857666015625, "top1_acc": 0.5, "top5_acc": 1.0, "loss_cls": 0.747857666015625, "time": 0.9659474968910218, "epoch": 3, "iter": 104, "memory": 2159, "step": 104}
{"base_lr": 0.0009890738003669032, "lr": 9.89073800366903e-05, "data_time": 0.00374985933303833, "loss": 0.7249191284179688, "top1_acc": 0.75, "top5_acc": 1.0, "loss_cls": 0.7249191284179688, "time": 0.9660597443580627, "epoch": 3, "iter": 111, "memory": 2159, "step": 111}
{"acc/top1": 0.5526315789473685, "acc/top5": 1.0, "acc/mean1": 0.5, "data_time": 0.004576683044433594, "time": 0.3389835574410178, "step": 3}
{"base_lr": 0.0009755282581475772, "lr": 9.75528258147577e-05, "data_time": 0.005132269859313965, "loss": 0.8068130493164063, "top1_acc": 0.25, "top5_acc": 1.0, "loss_cls": 0.8068130493164063, "time": 0.9673749685287476, "epoch": 4, "iter": 121, "memory": 2159, "step": 121}
{"base_lr": 0.0009755282581475772, "lr": 9.75528258147577e-05, "data_time": 0.005079424381256104, "loss": 0.8377365112304688, "top1_acc": 0.5, "top5_acc": 1.0, "loss_cls": 0.8377365112304688, "time": 0.9680294871330262, "epoch": 4, "iter": 131, "memory": 2159, "step": 131}
{"base_lr": 0.0009755282581475772, "lr": 9.75528258147577e-05, "data_time": 0.0036168813705444334, "loss": 0.7290672302246094, "top1_acc": 0.75, "top5_acc": 1.0, "loss_cls": 0.7290672302246094, "time": 0.9666454911231994, "epoch": 4, "iter": 141, "memory": 2159, "step": 141}
{"base_lr": 0.0009755282581475772, "lr": 9.75528258147577e-05, "data_time": 0.0034514784812927244, "loss": 0.7218999862670898, "top1_acc": 0.5, "top5_acc": 1.0, "loss_cls": 0.7218999862670898, "time": 0.965315580368042, "epoch": 4, "iter": 148, "memory": 2159, "step": 148}
{"acc/top1": 0.5526315789473685, "acc/top5": 1.0, "acc/mean1": 0.5, "data_time": 0.004676363684914329, "time": 0.32688127864490857, "step": 4}
{"base_lr": 0.0009567727288213008, "lr": 9.567727288213005e-05, "data_time": 0.004827392101287842, "loss": 0.7619131088256836, "top1_acc": 0.25, "top5_acc": 1.0, "loss_cls": 0.7619131088256836, "time": 0.9654781579971313, "epoch": 5, "iter": 158, "memory": 2159, "step": 158}
{"base_lr": 0.0009567727288213008, "lr": 9.567727288213005e-05, "data_time": 0.00483253002166748, "loss": 0.8533805847167969, "top1_acc": 1.0, "top5_acc": 1.0, "loss_cls": 0.8533805847167969, "time": 0.9661504030227661, "epoch": 5, "iter": 168, "memory": 2159, "step": 168}
{"base_lr": 0.0009567727288213008, "lr": 9.567727288213005e-05, "data_time": 0.0034912109375, "loss": 0.8385932922363282, "top1_acc": 0.5, "top5_acc": 1.0, "loss_cls": 0.8385932922363282, "time": 0.9667196989059448, "epoch": 5, "iter": 178, "memory": 2159, "step": 178}
{"base_lr": 0.0009567727288213008, "lr": 9.567727288213005e-05, "data_time": 0.0035333871841430665, "loss": 0.7192916870117188, "top1_acc": 1.0, "top5_acc": 1.0, "loss_cls": 0.7192916870117188, "time": 0.9655325174331665, "epoch": 5, "iter": 185, "memory": 2159, "step": 185}
{"acc/top1": 0.5526315789473685, "acc/top5": 1.0, "acc/mean1": 0.5, "data_time": 0.004857215014371005, "time": 0.33520128510215064, "step": 5}
{"base_lr": 0.0009330127018922199, "lr": 9.330127018922195e-05, "data_time": 0.004890561103820801, "loss": 0.7902175903320312, "top1_acc": 0.5, "top5_acc": 1.0, "loss_cls": 0.7902175903320312, "time": 0.9672269940376281, "epoch": 6, "iter": 195, "memory": 2159, "step": 195}
{"base_lr": 0.0009330127018922199, "lr": 9.330127018922195e-05, "data_time": 0.004884731769561767, "loss": 0.7211654663085938, "top1_acc": 0.75, "top5_acc": 1.0, "loss_cls": 0.7211654663085938, "time": 0.9684404253959655, "epoch": 6, "iter": 205, "memory": 2159, "step": 205}
{"base_lr": 0.0009330127018922199, "lr": 9.330127018922195e-05, "data_time": 0.003565084934234619, "loss": 0.7693527221679688, "top1_acc": 0.25, "top5_acc": 1.0, "loss_cls": 0.7693527221679688, "time": 0.9660207390785217, "epoch": 6, "iter": 215, "memory": 2159, "step": 215}
{"base_lr": 0.0009330127018922199, "lr": 9.330127018922195e-05, "data_time": 0.0038668036460876463, "loss": 0.7730194091796875, "top1_acc": 0.5, "top5_acc": 1.0, "loss_cls": 0.7730194091796875, "time": 0.9669552564620971, "epoch": 6, "iter": 222, "memory": 2159, "step": 222}
{"acc/top1": 0.5526315789473685, "acc/top5": 1.0, "acc/mean1": 0.5, "data_time": 0.004446419802579013, "time": 0.3268288482319225, "step": 6}
{"base_lr": 0.0009045084971874742, "lr": 9.04508497187474e-05, "data_time": 0.00517723560333252, "loss": 0.7530258178710938, "top1_acc": 1.0, "top5_acc": 1.0, "loss_cls": 0.7530258178710938, "time": 0.9687454104423523, "epoch": 7, "iter": 232, "memory": 2159, "step": 232}
{"base_lr": 0.0009045084971874742, "lr": 9.04508497187474e-05, "data_time": 0.004918253421783448, "loss": 0.7052970886230469, "top1_acc": 0.5, "top5_acc": 1.0, "loss_cls": 0.7052970886230469, "time": 0.9675208687782287, "epoch": 7, "iter": 242, "memory": 2159,