{"base_lr": 0.00018901098901098903, "lr": 1.8901098901098903e-05, "data_time": 1.7827192306518556, "loss": 0.7160079956054688, "top1_acc": 0.5, "top5_acc": 1.0, "loss_cls": 0.7160079956054688, "time": 2.796560215950012, "epoch": 1, "iter": 10, "memory": 2158, "step": 10}
{"base_lr": 0.00028791208791208796, "lr": 2.8791208791208795e-05, "data_time": 0.893381905555725, "loss": 0.911527442932129, "top1_acc": 0.75, "top5_acc": 1.0, "loss_cls": 0.911527442932129, "time": 1.8848723411560058, "epoch": 1, "iter": 20, "memory": 2158, "step": 20}
{"base_lr": 0.00038681318681318684, "lr": 3.868131868131869e-05, "data_time": 0.004145133495330811, "loss": 1.0175859451293945, "top1_acc": 0.0, "top5_acc": 1.0, "loss_cls": 1.0175859451293945, "time": 0.968410587310791, "epoch": 1, "iter": 30, "memory": 2158, "step": 30}
{"base_lr": 0.0004560439560439561, "lr": 4.560439560439562e-05, "data_time": 0.004148173332214356, "loss": 0.8935792922973633, "top1_acc": 0.5, "top5_acc": 1.0, "loss_cls": 0.8935792922973633, "time": 0.9632170915603637, "epoch": 1, "iter": 37, "memory": 2158, "step": 37}
{"acc/top1": 0.5526315789473685, "acc/top5": 1.0, "acc/mean1": 0.5, "data_time": 0.5515164375305176, "time": 0.9197630643844604, "step": 1}
