{"base_lr": 0.0003382352941176471, "lr": 3.38235294117647e-05, "data_time": 1.8270987033843995, "loss": 0.4975429534912109, "top1_acc": 1.0, "top5_acc": 1.0, "loss_cls": 0.4975429534912109, "time": 2.8655065536499023, "epoch": 1, "iter": 10, "memory": 2158, "step": 10}
{"base_lr": 0.00044411764705882357, "lr": 4.441176470588234e-05, "data_time": 1.306228518486023, "loss": 0.3577765737261091, "top1_acc": 1.0, "top5_acc": 1.0, "loss_cls": 0.3577765737261091, "time": 2.2995366709572926, "epoch": 1, "iter": 14, "memory": 2158, "step": 14}
{"acc/top1": 1.0, "acc/top5": 1.0, "acc/mean1": 1.0, "data_time": 1.4635984897613525, "time": 1.8013660907745361, "step": 1}
