{"base_lr": 0.0004115384615384616, "lr": 4.1153846153846165e-05, "data_time": 0.5159402132034302, "loss": 0.71099853515625, "top1_acc": 0.75, "top5_acc": 1.0, "loss_cls": 0.71099853515625, "time": 1.5088068485260009, "epoch": 1, "iter": 10, "memory": 2158, "step": 10}
{"base_lr": 0.0004461538461538463, "lr": 4.461538461538463e-05, "data_time": 0.4696705558083274, "loss": 0.7024591619318182, "top1_acc": 0.75, "top5_acc": 1.0, "loss_cls": 0.7024591619318182, "time": 1.4595354253595525, "epoch": 1, "iter": 11, "memory": 2158, "step": 11}
{"acc/top1": 0.5454545454545454, "acc/top5": 1.0, "acc/mean1": 0.5, "data_time": 1.716431458791097, "time": 2.0670105616251626, "step": 1}
