{"base_lr": 0.00018617021276595743, "lr": 1.8617021276595748e-05, "data_time": 1.8100213766098023, "loss": 0.7446563720703125, "top1_acc": 0.25, "top5_acc": 1.0, "loss_cls": 0.7446563720703125, "time": 2.845304274559021, "epoch": 1, "iter": 10, "memory": 2158, "step": 10}
