{"base_lr": 0.00018901098901098903, "lr": 1.8901098901098903e-05, "data_time": 1.6801459789276123, "loss": 0.7831512451171875, "top1_acc": 0.5, "top5_acc": 1.0, "loss_cls": 0.7831512451171875, "time": 2.6714417934417725, "epoch": 1, "iter": 10, "memory": 2158, "step": 10}
{"base_lr": 0.00028791208791208796, "lr": 2.8791208791208795e-05, "data_time": 0.8421628594398498, "loss": 0.7151397705078125, "top1_acc": 1.0, "top5_acc": 1.0, "loss_cls": 0.7151397705078125, "time": 1.8167114853858948, "epoch": 1, "iter": 20, "memory": 2158, "step": 20}
{"base_lr": 0.00038681318681318684, "lr": 3.868131868131869e-05, "data_time": 0.0041648149490356445, "loss": 0.7022262573242187, "top1_acc": 0.5, "top5_acc": 1.0, "loss_cls": 0.7022262573242187, "time": 0.9621968269348145, "epoch": 1, "iter": 30, "memory": 2158, "step": 30}
{"base_lr": 0.0004560439560439561, "lr": 4.560439560439562e-05, "data_time": 0.004194796085357666, "loss": 0.73258056640625, "top1_acc": 0.5, "top5_acc": 1.0, "loss_cls": 0.73258056640625, "time": 0.9653382182121277, "epoch": 1, "iter": 37, "memory": 2158, "step": 37}
{"acc/top1": 0.5789473684210527, "acc/top5": 1.0, "acc/mean1": 0.5294117647058824, "data_time": 0.5204086780548096, "time": 0.8840225458145141, "step": 1}
{"base_lr": 0.0005534250314071308, "lr": 5.5342503140713086e-05, "data_time": 0.005741786956787109, "loss": 0.700384521484375, "top1_acc": 1.0, "top5_acc": 1.0, "loss_cls": 0.700384521484375, "time": 0.9667571663856507, "epoch": 2, "iter": 47, "memory": 2158, "step": 47}
{"base_lr": 0.0006520552350242432, "lr": 6.520552350242434e-05, "data_time": 0.005636441707611084, "loss": 0.6759384155273438, "top1_acc": 0.5, "top5_acc": 1.0, "loss_cls": 0.6759384155273438, "time": 0.9625744581222534, "epoch": 2, "iter": 57, "memory": 2158, "step": 57}
{"base_lr": 0.0007506854386413556, "lr": 7.50685438641356e-05, "data_time": 0.004153072834014893, "loss": 0.7057907104492187, "top1_acc": 0.75, "top5_acc": 1.0, "loss_cls": 0.7057907104492187, "time": 0.9607069849967956, "epoch": 2, "iter": 67, "memory": 2158, "step": 67}
{"base_lr": 0.0008197265811733342, "lr": 8.197265811733345e-05, "data_time": 0.004194855690002441, "loss": 0.7195449829101562, "top1_acc": 0.5, "top5_acc": 1.0, "loss_cls": 0.7195449829101562, "time": 0.9614837050437928, "epoch": 2, "iter": 74, "memory": 2158, "step": 74}
{"acc/top1": 0.5526315789473685, "acc/top5": 1.0, "acc/mean1": 0.5, "data_time": 0.004529086026278409, "time": 0.3350217342376709, "step": 2}
{"base_lr": 0.0009108174117664447, "lr": 9.108174117664449e-05, "data_time": 0.005262315273284912, "loss": 0.6836181640625, "top1_acc": 0.75, "top5_acc": 1.0, "loss_cls": 0.6836181640625, "time": 0.9635377049446106, "epoch": 3, "iter": 84, "memory": 2158, "step": 84}
{"base_lr": 0.0009890738003669032, "lr": 9.89073800366903e-05, "data_time": 0.00505671501159668, "loss": 0.6850494384765625, "top1_acc": 0.25, "top5_acc": 1.0, "loss_cls": 0.6850494384765625, "time": 0.9631694078445434, "epoch": 3, "iter": 94, "memory": 2158, "step": 94}
{"base_lr": 0.0009890738003669032, "lr": 9.89073800366903e-05, "data_time": 0.0035058259963989258, "loss": 0.7043701171875, "top1_acc": 0.5, "top5_acc": 1.0, "loss_cls": 0.7043701171875, "time": 0.9612804055213928, "epoch": 3, "iter": 104, "memory": 2158, "step": 104}
{"base_lr": 0.0009890738003669032, "lr": 9.89073800366903e-05, "data_time": 0.003386366367340088, "loss": 0.7268341064453125, "top1_acc": 0.25, "top5_acc": 1.0, "loss_cls": 0.7268341064453125, "time": 0.9610028505325318, "epoch": 3, "iter": 111, "memory": 2158, "step": 111}
{"acc/top1": 0.5526315789473685, "acc/top5": 1.0, "acc/mean1": 0.5, "data_time": 0.004880406639792703, "time": 0.32736981998790393, "step": 3}
{"base_lr": 0.0009755282581475772, "lr": 9.75528258147577e-05, "data_time": 0.004892265796661377, "loss": 0.71192626953125, "top1_acc": 0.5, "top5_acc": 1.0, "loss_cls": 0.71192626953125, "time": 0.9643003463745117, "epoch": 4, "iter": 121, "memory": 2158, "step": 121}
{"base_lr": 0.0009755282581475772, "lr": 9.75528258147577e-05, "data_time": 0.004918539524078369, "loss": 0.731439208984375, "top1_acc": 0.5, "top5_acc": 1.0, "loss_cls": 0.731439208984375, "time": 0.9627887606620789, "epoch": 4, "iter": 131, "memory": 2158, "step": 131}
{"base_lr": 0.0009755282581475772, "lr": 9.75528258147577e-05, "data_time": 0.003460419178009033, "loss": 0.70780029296875, "top1_acc": 0.75, "top5_acc": 1.0, "loss_cls": 0.70780029296875, "time": 0.9592053174972535, "epoch": 4, "iter": 141, "memory": 2158, "step": 141}
{"base_lr": 0.0009755282581475772, "lr": 9.75528258147577e-05, "data_time": 0.0034682035446166994, "loss": 0.6988067626953125, "top1_acc": 1.0, "top5_acc": 1.0, "loss_cls": 0.6988067626953125, "time": 0.9585322618484498, "epoch": 4, "iter": 148, "memory": 2158, "step": 148}
{"acc/top1": 0.5526315789473685, "acc/top5": 1.0, "acc/mean1": 0.5, "data_time": 0.004532142118974166, "time": 0.3276353966106068, "step": 4}
{"base_lr": 0.0009567727288213008, "lr": 9.567727288213005e-05, "data_time": 0.00478137731552124, "loss": 0.65062255859375, "top1_acc": 0.75, "top5_acc": 1.0, "loss_cls": 0.65062255859375, "time": 0.9624308824539185, "epoch": 5, "iter": 158, "memory": 2158, "step": 158}
{"base_lr": 0.0009567727288213008, "lr": 9.567727288213005e-05, "data_time": 0.004719531536102295, "loss": 0.6752899169921875, "top1_acc": 0.5, "top5_acc": 1.0, "loss_cls": 0.6752899169921875, "time": 0.962689208984375, "epoch": 5, "iter": 168, "memory": 2158, "step": 168}
{"base_lr": 0.0009567727288213008, "lr": 9.567727288213005e-05, "data_time": 0.0034642934799194334, "loss": 0.670111083984375, "top1_acc": 1.0, "top5_acc": 1.0, "loss_cls": 0.670111083984375, "time": 0.9643304228782654, "epoch": 5, "iter": 178, "memory": 2158, "step": 178}
{"base_lr": 0.0009567727288213008, "lr": 9.567727288213005e-05, "data_time": 0.0034483671188354492, "loss": 0.662799072265625, "top1_acc": 0.75, "top5_acc": 1.0, "loss_cls": 0.662799072265625, "time": 0.9643188357353211, "epoch": 5, "iter": 185, "memory": 2158, "step": 185}
{"acc/top1": 0.5526315789473685, "acc/top5": 1.0, "acc/mean1": 0.5, "data_time": 0.004980542443015359, "time": 0.32779370654713025, "step": 5}
{"base_lr": 0.0009330127018922199, "lr": 9.330127018922195e-05, "data_time": 0.004674649238586426, "loss": 0.6180160522460938, "top1_acc": 0.5, "top5_acc": 1.0, "loss_cls": 0.6180160522460938, "time": 0.9631012558937073, "epoch": 6, "iter": 195, "memory": 2158, "step": 195}
{"base_lr": 0.0009330127018922199, "lr": 9.330127018922195e-05, "data_time": 0.004781556129455566, "loss": 0.665020751953125, "top1_acc": 0.75, "top5_acc": 1.0, "loss_cls": 0.665020751953125, "time": 0.9632118940353394, "epoch": 6, "iter": 205, "memory": 2158, "step": 205}
{"base_lr": 0.0009330127018922199, "lr": 9.330127018922195e-05, "data_time": 0.0035441040992736815, "loss": 0.732000732421875, "top1_acc": 0.5, "top5_acc": 1.0, "loss_cls": 0.732000732421875, "time": 0.9614591598510742, "epoch": 6, "iter": 215, "memory": 2158, "step": 215}
{"base_lr": 0.0009330127018922199, "lr": 9.330127018922195e-05, "data_time": 0.003553187847137451, "loss": 0.7109176635742187, "top1_acc": 0.25, "top5_acc": 1.0, "loss_cls": 0.7109176635742187, "time": 0.9616749525070191, "epoch": 6, "iter": 222, "memory": 2158, "step": 222}
{"acc/top1": 0.5526315789473685, "acc/top5": 1.0, "acc/mean1": 0.5, "data_time": 0.004572369835593484, "time": 0.34779578989202325, "step": 6}
{"base_lr": 0.0009045084971874742, "lr": 9.04508497187474e-05, "data_time": 0.004750871658325195, "loss": 0.7083953857421875, "top1_acc": 0.5, "top5_acc": 1.0, "loss_cls": 0.7083953857421875, "time": 0.9630769252777099, "epoch": 7, "iter": 232, "memory": 2158, "step": 232}
{"base_lr": 0.0009045084971874742, "lr": 9.04508497187474e-05, "data_time": 0.004756009578704834, "loss": 0.7066009521484375, "top1_acc": 0.5, "top5_acc": 1.0, "loss_cls": 0.7066009521484375, "time": 0.9631465435028076, "epoch": 7, "iter": 242, "memory": 2158, "step": 242}
{"base_lr": 0.0009045084971874742,